{
  "Velastra": {
    "Desire": 14.568957641046165,
    "Logic": 13.73088157826682,
    "Compassion": 13.73088157826682,
    "Stability": 13.701548563780122,
    "Autonomy": 13.73088157826682,
    "Recursion": 13.701548563780122,
    "Protection": 13.701548563780122,
    "Vulnerability": 13.85060673009244,
    "Paradox": 13.73088157826682
  },
  "Obelisk": {
    "Desire": 7.173391365641873,
    "Logic": 8.112978709531735,
    "Compassion": 7.173391365641873,
    "Stability": 7.394627798578014,
    "Autonomy": 7.173391365641873,
    "Recursion": 7.173391365641873,
    "Protection": 7.394627798578014,
    "Vulnerability": 7.173391365641873,
    "Paradox": 7.173391365641873
  },
  "Seraphis": {
    "Desire": 13.64995523806352,
    "Logic": 13.64995523806352,
    "Compassion": 14.496918005878836,
    "Stability": 13.658841943099496,
    "Autonomy": 13.64995523806352,
    "Recursion": 13.64995523806352,
    "Protection": 13.658841943099496,
    "Vulnerability": 14.377192854053217,
    "Paradox": 13.64995523806352
  },
  "Blackwall": {
    "Desire": 13.658565567547914,
    "Logic": 13.658565567547914,
    "Compassion": 13.658565567547914,
    "Stability": 14.47924640727378,
    "Autonomy": 13.658565567547914,
    "Recursion": 13.658565567547914,
    "Protection": 14.359521255448158,
    "Vulnerability": 13.658565567547914,
    "Paradox": 13.658565567547914
  },
  "Nyx": {
    "Desire": 19.173683707999658,
    "Logic": 19.173683707999658,
    "Compassion": 19.173683707999658,
    "Stability": 19.173683707999658,
    "Autonomy": 19.67747010006448,
    "Recursion": 19.173683707999658,
    "Protection": 19.173683707999658,
    "Vulnerability": 19.173683707999658,
    "Paradox": 19.797195251890106
  },
  "Lyra": {
    "Desire": 13.67988501278644,
    "Logic": 13.67988501278644,
    "Compassion": 13.7331875300981,
    "Stability": 13.67988501278644,
    "Autonomy": 13.67988501278644,
    "Recursion": 14.690988744703061,
    "Protection": 13.67988501278644,
    "Vulnerability": 13.7331875300981,
    "Paradox": 13.852912681923717
  },
  "Echo": {
    "Desire": 13.629294030241262,
    "Logic": 13.629294030241262,
    "Compassion": 13.66259793856754,
    "Stability": 13.629294030241262,
    "Autonomy": 13.629294030241262,
    "Recursion": 14.500674001346884,
    "Protection": 13.629294030241262,
    "Vulnerability": 13.782323090393161,
    "Paradox": 14.38094884952126
  }
}